{
    "results": {
        "tool": {
            "name": "pytest",
            "version": "8.4.1"
        },
        "summary": {
            "tests": 2,
            "passed": 2,
            "failed": 0,
            "skipped": 0,
            "pending": 0,
            "other": 0,
            "start": 1768018044.5145445,
            "stop": 1768018044.5448394
        },
        "tests": [
            {
                "name": "test_state.py::test_hello_file_exists",
                "status": "passed",
                "duration": 0.00020979199999260345,
                "start": 1768018044.544125,
                "stop": 1768018044.5444598,
                "retries": 0,
                "file_path": "test_state.py"
            },
            {
                "name": "test_state.py::test_hello_file_contents",
                "status": "passed",
                "duration": 0.00015225000001350963,
                "start": 1768018044.5445461,
                "stop": 1768018044.5447624,
                "retries": 0,
                "file_path": "test_state.py"
            }
        ]
    }
}